{"d": 2.0238979307273706, "v": 4.976102069272629, "l_actual": 5, "t": 0}
{"d": -1.6756058005734968, "v": 6.651707869846126, "l_actual": 5, "t": 1}
{"d": 2.347518086796297, "v": 4.304189783049829, "l_actual": 5, "t": 2}
{"d": 0.5198913118398095, "v": 3.784298471210019, "l_actual": 5, "t": 3}
{"d": -4.190125356016095, "v": 7.974423827226114, "l_actual": 5, "t": 4}
{"d": -1.8143673625893872, "v": 9.788791189815502, "l_actual": 5, "t": 5}
{"d": 1.5089525905457262, "v": 8.279838599269775, "l_actual": 5, "t": 6}
{"d": 4.260004253988521, "v": 4.019834345281254, "l_actual": 5, "t": 7}
{"d": 2.861352047826114, "v": 1.1584822974551399, "l_actual": 5, "t": 8}
{"d": -3.163884904809001, "v": 4.322367202264141, "l_actual": 5, "t": 9}
{"d": -5.750132256565681, "v": 10.072499458829823, "l_actual": 5, "t": 10}
{"d": -1.18693227670343, "v": 11.259431735533253, "l_actual": 5, "t": 11}
{"d": 3.4575169754030073, "v": 7.801914760130246, "l_actual": 5, "t": 12}
{"d": 2.6503473526902877, "v": 5.151567407439958, "l_actual": 5, "t": 13}
{"d": -2.066084216204077, "v": 7.217651623644035, "l_actual": 5, "t": 14}
{"d": 1.779382185553827, "v": 5.438269438090208, "l_actual": 5, "t": 15}
{"d": 0.8419288298559422, "v": 4.596340608234265, "l_actual": 5, "t": 16}
{"d": -0.1111705904143574, "v": 4.707511198648623, "l_actual": 5, "t": 17}
{"d": 0.02547863705651665, "v": 4.682032561592107, "l_actual": 5, "t": 18}
{"d": -0.6233705655116268, "v": 5.305403127103734, "l_actual": 5, "t": 19}
{"d": -0.24012705758014818, "v": 5.545530184683882, "l_actual": 5, "t": 20}
{"d": 1.405928886459772, "v": 4.139601298224109, "l_actual": 10, "t": 21}
{"d": -4.131458801982815, "v": 8.271060100206924, "l_actual": 10, "t": 22}
{"d": -3.2772927367673614, "v": 11.548352836974285, "l_actual": 10, "t": 23}
{"d": 1.2755195332628364, "v": 10.27283330371145, "l_actual": 10, "t": 24}
{"d": 3.835449058202157, "v": 6.437384245509293, "l_actual": 10, "t": 25}
{"d": -1.8847537305500375, "v": 8.32213797605933, "l_actual": 10, "t": 26}
{"d": -4.577055058779115, "v": 12.899193034838445, "l_actual": 10, "t": 27}
{"d": 0.22490455028047496, "v": 12.67428848455797, "l_actual": 10, "t": 28}
{"d": 0.9237414909387447, "v": 11.750546993619224, "l_actual": 10, "t": 29}
{"d": 4.755838484215723, "v": 6.994708509403501, "l_actual": 10, "t": 30}
{"d": 3.389742781329418, "v": 3.6049657280740828, "l_actual": 10, "t": 31}
{"d": -1.2716202923910802, "v": 4.876586020465163, "l_actual": 10, "t": 32}
{"d": -9.551522426568676, "v": 14.42810844703384, "l_actual": 10, "t": 33}
{"d": -4.847145724205119, "v": 19.27525417123896, "l_actual": 10, "t": 34}
{"d": 4.694988485265968, "v": 14.580265685972991, "l_actual": 10, "t": 35}
{"d": 12.164034218894768, "v": 2.416231467078223, "l_actual": 10, "t": 36}
{"d": 3.7607560999729857, "v": -1.3445246328947627, "l_actual": 10, "t": 37}
{"d": -6.999224095834418, "v": 5.654699462939655, "l_actual": 10, "t": 38}
{"d": -12.061177582404657, "v": 17.715877045344314, "l_actual": 10, "t": 39}
{"d": -0.9923410405719426, "v": 18.708218085916258, "l_actual": 5, "t": 40}
{"d": 12.837616307449167, "v": 5.8706017784670905, "l_actual": 5, "t": 41}
{"d": 12.726761169085162, "v": -6.856159390618071, "l_actual": 5, "t": 42}
{"d": -0.6598578280513445, "v": -6.196301562566727, "l_actual": 5, "t": 43}
{"d": -11.436253253841585, "v": 5.239951691274858, "l_actual": 5, "t": 44}
{"d": -11.02421290052861, "v": 16.264164591803468, "l_actual": 5, "t": 45}
{"d": -0.23533142071622304, "v": 16.49949601251969, "l_actual": 5, "t": 46}
{"d": 7.921944155626433, "v": 8.577551856893255, "l_actual": 5, "t": 47}
{"d": 10.343468096880631, "v": -1.7659162399873765, "l_actual": 5, "t": 48}
{"d": 4.419731302610275, "v": -6.185647542597652, "l_actual": 5, "t": 49}
{"d": -6.984212899780569, "v": 0.798565357182917, "l_actual": 5, "t": 50}
{"d": -7.867942533650187, "v": 8.666507890833104, "l_actual": 5, "t": 51}
{"d": -2.3174446008572165, "v": 10.98395249169032, "l_actual": 5, "t": 52}
{"d": 0.48209643262577173, "v": 10.501856059064549, "l_actual": 5, "t": 53}
{"d": 1.560413562372088, "v": 8.94144249669246, "l_actual": 5, "t": 54}
{"d": 6.940486254394077, "v": 2.0009562422983826, "l_actual": 5, "t": 55}
{"d": 1.6379962973171298, "v": 0.36295994498125284, "l_actual": 5, "t": 56}
{"d": -2.2965141790777768, "v": 2.6594741240590296, "l_actual": 5, "t": 57}
{"d": -3.206669604374556, "v": 5.866143728433586, "l_actual": 5, "t": 58}
{"d": -4.329941278106874, "v": 10.19608500654046, "l_actual": 5, "t": 59}
{"d": -0.16223059008994367, "v": 10.358315596630405, "l_actual": 5, "t": 60}
{"d": 5.630155363562445, "v": 4.7281602330679595, "l_actual": 5, "t": 61}
{"d": 4.366093830097526, "v": 0.36206640297043347, "l_actual": 5, "t": 62}
{"d": -2.2468003675368236, "v": 2.608866770507257, "l_actual": 5, "t": 63}
{"d": -0.9037509242361165, "v": 3.5126176947433736, "l_actual": 5, "t": 64}
{"d": -0.6969222821715869, "v": 4.209539976914961, "l_actual": 5, "t": 65}
{"d": -0.2425358442632246, "v": 4.452075821178186, "l_actual": 5, "t": 66}
{"d": 1.2396062777641728, "v": 3.212469543414013, "l_actual": 5, "t": 67}
{"d": 1.4909163482220678, "v": 1.7215531951919452, "l_actual": 5, "t": 68}
{"d": 1.2341413270860957, "v": 0.48741186810584947, "l_actual": 5, "t": 69}
{"d": -3.826611563748976, "v": 4.314023431854825, "l_actual": 5, "t": 70}
{"d": -8.057564687381523, "v": 12.37158811923635, "l_actual": 5, "t": 71}
{"d": 0.5491470304082948, "v": 11.822441088828056, "l_actual": 5, "t": 72}
{"d": 8.80890466347473, "v": 3.013536425353326, "l_actual": 5, "t": 73}
{"d": 4.957239671015111, "v": -1.9437032456617853, "l_actual": 5, "t": 74}
{"d": -4.059092113947614, "v": 2.1153888682858284, "l_actual": 5, "t": 75}
{"d": -6.264169787042496, "v": 8.379558655328324, "l_actual": 5, "t": 76}
{"d": -4.17739385632607, "v": 12.556952511654394, "l_actual": 5, "t": 77}
{"d": 4.437684497629673, "v": 8.11926801402472, "l_actual": 5, "t": 78}
{"d": 5.151458185521542, "v": 2.967809828503179, "l_actual": 5, "t": 79}
{"d": 1.5157971505568837, "v": 1.4520126779462952, "l_actual": 5, "t": 80}
{"d": -1.4198336533095173, "v": 2.8718463312558127, "l_actual": 5, "t": 81}
{"d": -3.5561768073151807, "v": 6.428023138570993, "l_actual": 5, "t": 82}
{"d": -0.5919678978429413, "v": 7.019991036413935, "l_actual": 5, "t": 83}
{"d": -0.36641910984932524, "v": 7.386410146263261, "l_actual": 5, "t": 84}
{"d": 1.7053476308735935, "v": 5.681062515389668, "l_actual": 5, "t": 85}
{"d": 0.31207144465672987, "v": 5.368991070732938, "l_actual": 5, "t": 86}
{"d": 3.3134941129555857, "v": 2.0554969577773523, "l_actual": 5, "t": 87}
{"d": 1.6230265463011908, "v": 0.4324704114761615, "l_actual": 5, "t": 88}
{"d": -0.20689553594932353, "v": 0.639365947425485, "l_actual": 5, "t": 89}
{"d": -4.557085409283807, "v": 5.196451356709292, "l_actual": 5, "t": 90}
{"d": -3.63226657926062, "v": 8.828717935969912, "l_actual": 5, "t": 91}
{"d": 0.7410299613570234, "v": 8.087687974612889, "l_actual": 5, "t": 92}
{"d": 3.851499743750381, "v": 4.236188230862508, "l_actual": 5, "t": 93}
{"d": 2.61058041374788, "v": 1.625607817114628, "l_actual": 5, "t": 94}
{"d": -0.322260244122333, "v": 1.947868061236961, "l_actual": 5, "t": 95}
{"d": -2.1615770710254316, "v": 4.109445132262392, "l_actual": 5, "t": 96}
{"d": -4.5464922279055795, "v": 8.655937360167972, "l_actual": 5, "t": 97}
{"d": -2.7295716335505267, "v": 11.3855089937185, "l_actual": 5, "t": 98}
{"d": 3.476024458267194, "v": 7.9094845354513055, "l_actual": 5, "t": 99}
