{"d": 2, "v": 7, "l_actual": 5, "l_estimated": 2.9802950835743345, "t": 0}
{"d": 4, "v": 7, "l_actual": 5, "l_estimated": 4.961524023673501, "t": 1}
{"d": 6, "v": 7, "l_actual": 5, "l_estimated": 4.987092712005902, "t": 2}
{"d": 8, "v": 7, "l_actual": 5, "l_estimated": 4.99515589736343, "t": 3}
{"d": 10, "v": 7, "l_actual": 5, "l_estimated": 4.998154416781997, "t": 4}
{"d": 12, "v": 7, "l_actual": 5, "l_estimated": 4.999295311063368, "t": 5}
{"d": 14, "v": 7, "l_actual": 5, "l_estimated": 4.999730847323445, "t": 6}
{"d": 16, "v": 7, "l_actual": 5, "l_estimated": 4.999897193636275, "t": 7}
{"d": 18, "v": 7, "l_actual": 5, "l_estimated": 4.999960731508486, "t": 8}
{"d": 20, "v": 7, "l_actual": 5, "l_estimated": 4.999985000773446, "t": 9}
{"d": 22, "v": 7, "l_actual": 5, "l_estimated": 4.999994270805401, "t": 10}
{"d": 24, "v": 7, "l_actual": 5, "l_estimated": 4.999997811642399, "t": 11}
{"d": 26, "v": 7, "l_actual": 5, "l_estimated": 4.999999164121777, "t": 12}
{"d": 28, "v": 7, "l_actual": 5, "l_estimated": 4.9999996807229286, "t": 13}
{"d": 30, "v": 7, "l_actual": 5, "l_estimated": 4.99999987804701, "t": 14}
{"d": 32, "v": 7, "l_actual": 5, "l_estimated": 4.999999953418105, "t": 15}
{"d": 34, "v": 7, "l_actual": 5, "l_estimated": 4.9999999822073, "t": 16}
{"d": 36, "v": 7, "l_actual": 5, "l_estimated": 4.999999993203794, "t": 17}
{"d": 38, "v": 7, "l_actual": 5, "l_estimated": 4.99999999740408, "t": 18}
{"d": 40, "v": 7, "l_actual": 5, "l_estimated": 4.999999999008446, "t": 19}
{"d": 42, "v": 7, "l_actual": 5, "l_estimated": 4.99999999962126, "t": 20}
{"d": 44, "v": 7, "l_actual": 10, "l_estimated": 4.999999999855335, "t": 21}
{"d": 41, "v": 7, "l_actual": 10, "l_estimated": 8.09016994369422, "t": 22}
{"d": 38, "v": 7, "l_actual": 10, "l_estimated": 9.270509831227315, "t": 23}
{"d": 35, "v": 7, "l_actual": 10, "l_estimated": 9.721359549987731, "t": 24}
{"d": 32, "v": 7, "l_actual": 10, "l_estimated": 9.89356881873588, "t": 25}
{"d": 29, "v": 7, "l_actual": 10, "l_estimated": 9.959346906219906, "t": 26}
{"d": 26, "v": 7, "l_actual": 10, "l_estimated": 9.984471899923841, "t": 27}
{"d": 23, "v": 7, "l_actual": 10, "l_estimated": 9.994068793551618, "t": 28}
{"d": 20, "v": 7, "l_actual": 10, "l_estimated": 9.99773448073101, "t": 29}
{"d": 17, "v": 7, "l_actual": 10, "l_estimated": 9.999134648641412, "t": 30}
{"d": 14, "v": 7, "l_actual": 10, "l_estimated": 9.99966946519323, "t": 31}
{"d": 11, "v": 7, "l_actual": 10, "l_estimated": 9.99987374693828, "t": 32}
{"d": 8, "v": 7, "l_actual": 10, "l_estimated": 9.999951775621607, "t": 33}
{"d": 5, "v": 7, "l_actual": 10, "l_estimated": 9.99998157992654, "t": 34}
{"d": 2, "v": 7, "l_actual": 10, "l_estimated": 9.999992964158015, "t": 35}
{"d": -1, "v": 7, "l_actual": 10, "l_estimated": 9.999997312547501, "t": 36}
{"d": -4, "v": 7, "l_actual": 10, "l_estimated": 9.99999897348449, "t": 37}
{"d": -7, "v": 7, "l_actual": 10, "l_estimated": 9.999999607905965, "t": 38}
{"d": -10, "v": 7, "l_actual": 10, "l_estimated": 9.999999850233404, "t": 39}
{"d": -13, "v": 7, "l_actual": 5, "l_estimated": 9.99999994279425, "t": 40}
{"d": -11, "v": 7, "l_actual": 5, "l_estimated": 6.909830034399874, "t": 41}
{"d": -9, "v": 7, "l_actual": 5, "l_estimated": 5.729490160405371, "t": 42}
{"d": -7, "v": 7, "l_actual": 5, "l_estimated": 5.278640446816239, "t": 43}
{"d": -5, "v": 7, "l_actual": 5, "l_estimated": 5.106431180043346, "t": 44}
{"d": -3, "v": 7, "l_actual": 5, "l_estimated": 5.040653093313798, "t": 45}
{"d": -1, "v": 7, "l_actual": 5, "l_estimated": 5.01552809989805, "t": 46}
{"d": 1, "v": 7, "l_actual": 5, "l_estimated": 5.005931206380351, "t": 47}
{"d": 3, "v": 7, "l_actual": 5, "l_estimated": 5.002265519243004, "t": 48}
{"d": 5, "v": 7, "l_actual": 5, "l_estimated": 5.0008653513486605, "t": 49}
{"d": 7, "v": 7, "l_actual": 5, "l_estimated": 5.000330534802978, "t": 50}
{"d": 9, "v": 7, "l_actual": 5, "l_estimated": 5.000126253060273, "t": 51}
{"d": 11, "v": 7, "l_actual": 5, "l_estimated": 5.00004822437784, "t": 52}
{"d": 13, "v": 7, "l_actual": 5, "l_estimated": 5.000018420073249, "t": 53}
{"d": 15, "v": 7, "l_actual": 5, "l_estimated": 5.0000070358419055, "t": 54}
{"d": 17, "v": 7, "l_actual": 5, "l_estimated": 5.0000026874524695, "t": 55}
{"d": 19, "v": 7, "l_actual": 5, "l_estimated": 5.000001026515501, "t": 56}
{"d": 21, "v": 7, "l_actual": 5, "l_estimated": 5.000000392094031, "t": 57}
{"d": 23, "v": 7, "l_actual": 5, "l_estimated": 5.000000149766594, "t": 58}
{"d": 25, "v": 7, "l_actual": 5, "l_estimated": 5.0000000572057495, "t": 59}
{"d": 27, "v": 7, "l_actual": 5, "l_estimated": 5.000000021850652, "t": 60}
{"d": 29, "v": 7, "l_actual": 5, "l_estimated": 5.0000000083462055, "t": 61}
{"d": 31, "v": 7, "l_actual": 5, "l_estimated": 5.000000003187967, "t": 62}
{"d": 33, "v": 7, "l_actual": 5, "l_estimated": 5.000000001217697, "t": 63}
{"d": 35, "v": 7, "l_actual": 5, "l_estimated": 5.000000000465117, "t": 64}
{"d": 37, "v": 7, "l_actual": 5, "l_estimated": 5.0000000001776606, "t": 65}
{"d": 39, "v": 7, "l_actual": 5, "l_estimated": 5.000000000067858, "t": 66}
{"d": 41, "v": 7, "l_actual": 5, "l_estimated": 5.00000000002592, "t": 67}
{"d": 43, "v": 7, "l_actual": 5, "l_estimated": 5.0000000000099, "t": 68}
{"d": 45, "v": 7, "l_actual": 5, "l_estimated": 5.000000000003783, "t": 69}
