{"d": 2, "v": 2.9802950835743345, "l_actual": 5, "l_estimated": 2.9802950835743345, "t": 0}
{"d": -0.01970491642566552, "v": 8.904652371935132, "l_actual": 5, "l_estimated": 8.904652371935132, "t": 1}
{"d": 3.8849474555094665, "v": 2.372917283846504, "l_actual": 5, "l_estimated": 2.372917283846504, "t": 2}
{"d": 1.2578647393559703, "v": 8.09443257390588, "l_actual": 5, "l_estimated": 8.09443257390588, "t": 3}
{"d": 4.35229731326185, "v": 2.637324653935778, "l_actual": 5, "l_estimated": 2.637324653935778, "t": 4}
{"d": 1.9896219671976283, "v": 7.471322884281268, "l_actual": 5, "l_estimated": 7.471322884281268, "t": 5}
{"d": 4.460944851478896, "v": 2.9562353449056005, "l_actual": 5, "l_estimated": 2.9562353449056005, "t": 6}
{"d": 2.4171801963844963, "v": 7.009848680329901, "l_actual": 5, "l_estimated": 7.009848680329901, "t": 7}
{"d": 4.427028876714397, "v": 3.2624204009782636, "l_actual": 5, "l_estimated": 3.2624204009782636, "t": 8}
{"d": 2.6894492776926606, "v": 6.652342049982973, "l_actual": 5, "l_estimated": 6.652342049982973, "t": 9}
{"d": 4.341791327675634, "v": 3.5360516566105606, "l_actual": 5, "l_estimated": 3.5360516566105606, "t": 10}
{"d": 2.8778429842861946, "v": 6.366794878768118, "l_actual": 5, "l_estimated": 6.366794878768118, "t": 11}
{"d": 4.244637863054313, "v": 3.7725736624877118, "l_actual": 5, "l_estimated": 3.7725736624877118, "t": 12}
{"d": 3.017211525542025, "v": 6.134481743865491, "l_actual": 5, "l_estimated": 6.134481743865491, "t": 13}
{"d": 4.151693269407517, "v": 3.9735939939310283, "l_actual": 5, "l_estimated": 3.9735939939310283, "t": 14}
{"d": 3.125287263338545, "v": 5.943449867273436, "l_actual": 5, "l_estimated": 5.943449867273436, "t": 15}
{"d": 4.068737130611981, "v": 4.142927899952396, "l_actual": 5, "l_estimated": 4.142927899952396, "t": 16}
{"d": 3.2116650305643777, "v": 5.7854113618863305, "l_actual": 5, "l_estimated": 5.7854113618863305, "t": 17}
{"d": 3.9970763924507082, "v": 4.284889839655465, "l_actual": 5, "l_estimated": 4.284889839655465, "t": 18}
{"d": 3.281966232106173, "v": 5.654225526038181, "l_actual": 5, "l_estimated": 5.654225526038181, "t": 19}
{"d": 3.9361917581443544, "v": 4.40359591844612, "l_actual": 5, "l_estimated": 4.40359591844612, "t": 20}
{"d": 3.3397876765904746, "v": 5.545125516704419, "l_actual": 10, "l_estimated": 5.545125516704419, "t": 21}
{"d": -1.115086806705106, "v": 7.592885272108072, "l_actual": 10, "l_estimated": 7.592885272108072, "t": 22}
{"d": -3.522201534597034, "v": 7.814978859132109, "l_actual": 10, "l_estimated": 7.814978859132109, "t": 23}
{"d": -5.707222675464925, "v": 9.0281348048613, "l_actual": 10, "l_estimated": 9.0281348048613, "t": 24}
{"d": -6.679087870603624, "v": 8.879008919825402, "l_actual": 10, "l_estimated": 8.879008919825402, "t": 25}
{"d": -7.8000789507782216, "v": 9.663984374013356, "l_actual": 10, "l_estimated": 9.663984374013356, "t": 26}
{"d": -8.136094576764865, "v": 9.386511940601633, "l_actual": 10, "l_estimated": 9.386511940601633, "t": 27}
{"d": -8.749582636163233, "v": 9.937155807791626, "l_actual": 10, "l_estimated": 9.937155807791626, "t": 28}
{"d": -8.812426828371606, "v": 9.635679028951834, "l_actual": 10, "l_estimated": 9.635679028951834, "t": 29}
{"d": -9.176747799419772, "v": 10.047164668015794, "l_actual": 10, "l_estimated": 10.047164668015794, "t": 30}
{"d": -9.129583131403978, "v": 9.763703189289929, "l_actual": 10, "l_estimated": 9.763703189289929, "t": 31}
{"d": -9.365879942114049, "v": 10.084931478095843, "l_actual": 10, "l_estimated": 10.084931478095843, "t": 32}
{"d": -9.280948464018206, "v": 9.833910937287822, "l_actual": 10, "l_estimated": 9.833910937287822, "t": 33}
{"d": -9.447037526730384, "v": 10.091698849297298, "l_actual": 10, "l_estimated": 10.091698849297298, "t": 34}
{"d": -9.355338677433085, "v": 9.87570415219159, "l_actual": 10, "l_estimated": 9.87570415219159, "t": 35}
{"d": -9.479634525241496, "v": 10.086015274998738, "l_actual": 10, "l_estimated": 10.086015274998738, "t": 36}
{"d": -9.393619250242757, "v": 9.902875489390878, "l_actual": 10, "l_estimated": 9.902875489390878, "t": 37}
{"d": -9.49074376085188, "v": 10.076088350286042, "l_actual": 10, "l_estimated": 10.076088350286042, "t": 38}
{"d": -9.414655410565837, "v": 9.922011728339541, "l_actual": 10, "l_estimated": 9.922011728339541, "t": 39}
{"d": -9.492643682226296, "v": 10.06543572018427, "l_actual": 5, "l_estimated": 10.06543572018427, "t": 40}
{"d": -4.427207962042026, "v": 6.84618337552036, "l_actual": 5, "l_estimated": 6.84618337552036, "t": 41}
{"d": -2.581024586521666, "v": 7.694786667348855, "l_actual": 5, "l_estimated": 7.694786667348855, "t": 42}
{"d": 0.11376208082718886, "v": 5.50485123718215, "l_actual": 5, "l_estimated": 5.50485123718215, "t": 43}
{"d": 0.6186133180093387, "v": 6.546290542351793, "l_actual": 5, "l_estimated": 6.546290542351793, "t": 44}
{"d": 2.1649038603611315, "v": 4.946985542880963, "l_actual": 5, "l_estimated": 4.946985542880963, "t": 45}
{"d": 2.1118894032420945, "v": 5.968175127326257, "l_actual": 5, "l_estimated": 5.968175127326257, "t": 46}
{"d": 3.080064530568351, "v": 4.738680119431801, "l_actual": 5, "l_estimated": 4.738680119431801, "t": 47}
{"d": 2.818744650000152, "v": 5.6600543914361054, "l_actual": 5, "l_estimated": 5.6600543914361054, "t": 48}
{"d": 3.4787990414362575, "v": 4.682677726646614, "l_actual": 5, "l_estimated": 4.682677726646614, "t": 49}
{"d": 3.1614767680828715, "v": 5.48284567561731, "l_actual": 5, "l_estimated": 5.48284567561731, "t": 50}
{"d": 3.6443224437001813, "v": 4.689899647592725, "l_actual": 5, "l_estimated": 4.689899647592725, "t": 51}
{"d": 3.334222091292906, "v": 5.371619801867161, "l_actual": 5, "l_estimated": 5.371619801867161, "t": 52}
{"d": 3.705841893160067, "v": 4.72061990726333, "l_actual": 5, "l_estimated": 4.72061990726333, "t": 53}
{"d": 3.4264618004233975, "v": 5.295626361892457, "l_actual": 5, "l_estimated": 5.295626361892457, "t": 54}
{"d": 3.7220881623158544, "v": 4.757545689561067, "l_actual": 5, "l_estimated": 4.757545689561067, "t": 55}
{"d": 3.4796338518769216, "v": 5.23994283832144, "l_actual": 5, "l_estimated": 5.23994283832144, "t": 56}
{"d": 3.7195766901983616, "v": 4.7935121748717195, "l_actual": 5, "l_estimated": 4.7935121748717195, "t": 57}
{"d": 3.513088865070081, "v": 5.197037992696134, "l_actual": 5, "l_estimated": 5.197037992696134, "t": 58}
{"d": 3.710126857766215, "v": 4.825869145381283, "l_actual": 5, "l_estimated": 4.825869145381283, "t": 59}
{"d": 3.535996003147498, "v": 5.162882895231415, "l_actual": 5, "l_estimated": 5.162882895231415, "t": 60}
{"d": 3.698878898378913, "v": 4.853929777708976, "l_actual": 5, "l_estimated": 4.853929777708976, "t": 61}
{"d": 3.5528086760878894, "v": 5.135149667388189, "l_actual": 5, "l_estimated": 5.135149667388189, "t": 62}
{"d": 3.6879583434760788, "v": 4.877819129239795, "l_actual": 5, "l_estimated": 4.877819129239795, "t": 63}
{"d": 3.565777472715874, "v": 5.112370079063669, "l_actual": 5, "l_estimated": 5.112370079063669, "t": 64}
{"d": 3.678147551779543, "v": 4.8979610917990835, "l_actual": 5, "l_estimated": 4.8979610917990835, "t": 65}
{"d": 3.5761086435786265, "v": 5.093536646865138, "l_actual": 5, "l_estimated": 5.093536646865138, "t": 66}
{"d": 3.669645290443764, "v": 4.914855479509338, "l_actual": 5, "l_estimated": 4.914855479509338, "t": 67}
{"d": 3.5845007699531024, "v": 5.077908721703771, "l_actual": 5, "l_estimated": 5.077908721703771, "t": 68}
{"d": 3.6624094916568737, "v": 4.928986038018756, "l_actual": 5, "l_estimated": 4.928986038018756, "t": 69}
{"d": 3.59139552967563, "v": 5.064914360412146, "l_actual": 5, "l_estimated": 5.064914360412146, "t": 70}
{"d": 3.656309890087776, "v": 4.94078675604661, "l_actual": 5, "l_estimated": 4.94078675604661, "t": 71}
{"d": 3.5970966461343865, "v": 5.054097631833946, "l_actual": 5, "l_estimated": 5.054097631833946, "t": 72}
{"d": 3.651194277968332, "v": 4.950633484118098, "l_actual": 5, "l_estimated": 4.950633484118098, "t": 73}
{"d": 3.6018277620864305,