{"d": 6.5779969885966505, "v": 7, "l_actual": 5, "l_estimated": 0.7138488512903206, "t": 0}
{"d": 9.265137732335294, "v": 7, "l_actual": 5, "l_estimated": 4.244297043031935, "t": 1}
{"d": 12.360178679622813, "v": 7, "l_actual": 5, "l_estimated": 4.0187945829983045, "t": 2}
{"d": 15.26091748229571, "v": 7, "l_actual": 5, "l_estimated": 4.069062092851846, "t": 3}
{"d": 16.84459349103643, "v": 7, "l_actual": 5, "l_estimated": 4.903022738890229, "t": 4}
{"d": 19.065960366919136, "v": 7, "l_actual": 5, "l_estimated": 4.826128129764999, "t": 5}
{"d": 20.88315878172965, "v": 7, "l_actual": 5, "l_estimated": 5.0465718103294, "t": 6}
{"d": 25.14677971034868, "v": 7, "l_actual": 5, "l_estimated": 3.6187872199254114, "t": 7}
{"d": 25.56975935608268, "v": 7, "l_actual": 5, "l_estimated": 5.447077143361842, "t": 8}
{"d": 31.177490442136058, "v": 7, "l_actual": 5, "l_estimated": 2.9410675797924544, "t": 9}
{"d": 32.64733975903047, "v": 7, "l_actual": 5, "l_estimated": 4.541208961552672, "t": 10}
{"d": 33.851030937452336, "v": 7, "l_actual": 5, "l_estimated": 5.316903336036262, "t": 11}
{"d": 36.38527733492627, "v": 7, "l_actual": 5, "l_estimated": 4.790863871042096, "t": 12}
{"d": 37.72574546398701, "v": 7, "l_actual": 5, "l_estimated": 5.327730219943164, "t": 13}
{"d": 39.61434684609265, "v": 7, "l_actual": 5, "l_estimated": 5.19402993703537, "t": 14}
{"d": 41.69953613311277, "v": 7, "l_actual": 5, "l_estimated": 5.021462966256533, "t": 15}
{"d": 44.45023537804377, "v": 7, "l_actual": 5, "l_estimated": 4.544240474914293, "t": 16}
{"d": 47.344386615178074, "v": 7, "l_actual": 5, "l_estimated": 4.273299496482001, "t": 17}
{"d": 48.49516297199807, "v": 7, "l_actual": 5, "l_estimated": 5.247274182833044, "t": 18}
{"d": 50.106561324883735, "v": 7, "l_actual": 5, "l_estimated": 5.334619359302717, "t": 19}
{"d": 51.55426420838646, "v": 7, "l_actual": 5, "l_estimated": 5.4691516118438015, "t": 20}
{"d": 52.00870472417108, "v": 7, "l_actual": 10, "l_estimated": 6.134408262727399, "t": 21}
{"d": 45.7449777804653, "v": 7, "l_actual": 10, "l_estimated": 10.54056952420161, "t": 22}
{"d": 45.9645552934159, "v": 7, "l_actual": 10, "l_estimated": 8.216670852544333, "t": 23}
{"d": 41.18569114160798, "v": 7, "l_actual": 10, "l_estimated": 10.418227385986352, "t": 24}
{"d": 39.56240875212771, "v": 7, "l_actual": 10, "l_estimated": 9.308890370209037, "t": 25}
{"d": 37.787233270594534, "v": 7, "l_actual": 10, "l_estimated": 8.97903642870549, "t": 26}
{"d": 35.255986903813294, "v": 7, "l_actual": 10, "l_estimated": 9.320320939361777, "t": 27}
{"d": 30.566741395385456, "v": 7, "l_actual": 10, "l_estimated": 10.784396839829299, "t": 28}
{"d": 26.156502233033414, "v": 7, "l_actual": 10, "l_estimated": 11.171188666746527, "t": 29}
{"d": 21.446730716252045, "v": 7, "l_actual": 10, "l_estimated": 11.504051173825847, "t": 30}
{"d": 15.81774379242875, "v": 7, "l_actual": 10, "l_estimated": 12.199299702484124, "t": 31}
{"d": 12.383950514461313, "v": 7, "l_actual": 10, "l_estimated": 11.10815672477651, "t": 32}
{"d": 9.292056819045916, "v": 7, "l_actual": 10, "l_estimated": 10.48007163112141, "t": 33}
{"d": 7.27687383985117, "v": 7, "l_actual": 10, "l_estimated": 9.574720654496717, "t": 34}
{"d": 2.847201544604548, "v": 7, "l_actual": 10, "l_estimated": 10.721143815967542, "t": 35}
{"d": 0.7410834495704953, "v": 7, "l_actual": 10, "l_estimated": 9.723003027725344, "t": 36}
{"d": -4.004258205760007, "v": 7, "l_actual": 10, "l_estimated": 10.972877036347148, "t": 37}
{"d": -7.052437208825655, "v": 7, "l_actual": 10, "l_estimated": 10.401382222449, "t": 38}
{"d": -12.31731205577336, "v": 7, "l_actual": 10, "l_estimated": 11.553084002173945, "t": 39}
{"d": -15.741328323466684, "v": 7, "l_actual": 5, "l_estimated": 10.85528176666408, "t": 40}
{"d": -13.908609551715498, "v": 7, "l_actual": 5, "l_estimated": 7.339904105895744, "t": 41}
{"d": -14.96456421662422, "v": 7, "l_actual": 5, "l_estimated": 7.7824476890291265, "t": 42}
{"d": -13.256686530270748, "v": 7, "l_actual": 5, "l_estimated": 6.243341963996341, "t": 43}
{"d": -15.407615127002922, "v": 7, "l_actual": 5, "l_estimated": 8.040329328261944, "t": 44}
{"d": -10.030358009726383, "v": 7, "l_actual": 5, "l_estimated": 4.074042779178535, "t": 45}
{"d": -9.70506695077619, "v": 7, "l_actual": 5, "l_estimated": 5.681342860606717, "t": 46}
{"d": -7.483313768675437, "v": 7, "l_actual": 5, "l_estimated": 5.123198811107974, "t": 47}
{"d": -8.698396684943278, "v": 7, "l_actual": 5, "l_estimated": 7.034088277372327, "t": 48}
{"d": -4.243737807490178, "v": 7, "l_actual": 5, "l_estimated": 4.259889968785827, "t": 49}
{"d": -2.5095115765232108, "v": 7, "l_actual": 5, "l_estimated": 4.88156034607151, "t": 50}
{"d": -2.6784054340192225, "v": 7, "l_actual": 5, "l_estimated": 6.295210199738498, "t": 51}
{"d": -2.4292237194278106, "v": 7, "l_actual": 5, "l_estimated": 6.576791482231887, "t": 52}
{"d": 0.554342276630345, "v": 7, "l_actual": 5, "l_estimated": 4.99440353729867, "t": 53}
{"d": 3.8241233441055313, "v": 7, "l_actual": 5, "l_estimated": 4.213094483494074, "t": 54}
{"d": 4.619473431575741, "v": 7, "l_actual": 5, "l_estimated": 5.4439434291175255, "t": 55}
{"d": 2.009720420338964, "v": 7, "l_actual": 5, "l_estimated": 8.01855534152722, "t": 56}
{"d": 5.097498471421589, "v": 7, "l_actual": 5, "l_estimated": 5.4807017357556695, "t": 57}
{"d": 5.504198869488163, "v": 7, "l_actual": 5, "l_estimated": 6.16832503286413, "t": 58}
{"d": 6.813682353676976, "v": 7, "l_actual": 5, "l_estimated": 5.873023129211227, "t": 59}
{"d": 9.723594155719237, "v": 7, "l_actual": 5, "l_estimated": 4.771108741967114, "t": 60}
{"d": 15.159740713730521, "v": 7, "l_actual": 5, "l_estimated": 2.788915955982224, "t": 61}
{"d": 18.757314898497047, "v": 7, "l_actual": 5, "l_estimated": 3.1680859014326597, "t": 62}
{"d": 20.963350108031953, "v": 7, "l_actual": 5, "l_estimated": 4.172934316445623, "t": 63}
{"d": 22.082966013398984, "v": 7, "l_actual": 5, "l_estimated": 5.228196313448872, "t": 64}
{"d": 26.336642864525686, "v": 7, "l_actual": 5, "l_estimated": 3.6943143419749056, "t": 65}
{"d": 21.842612382197462, "v": 7, "l_actual": 5, "l_estimated": 8.514804019314402, "t": 66}
{"d": 22.94472609281149, "v": 7, "l_actual": 5, "l_estimated": 6.897459916456416, "t": 67}
{"d": 24.41647437603132, "v": 7, "l_actual": 5, "l_estimated": 6.051242711381442, "t": 68}
{"d": 26.649621197261684, "v": 7, "l_actual": 5, "l_estimated": 5.257446325432755, "t": 69}
