{"d": 2, "v": 2.8312803293956175, "l_actual": 5, "l_estimated": 2.9802950835743345, "t": 0}
{"d": -0.16871967060438253, "v": 8.598286933402958, "l_actual": 5, "l_estimated": 9.050828350950482, "t": 1}
{"d": 3.429567262798576, "v": 2.4001932986767107, "l_actual": 5, "l_estimated": 2.5265192617649586, "t": 2}
{"d": 0.8297605614752865, "v": 7.546470809925449, "l_actual": 5, "l_estimated": 7.943653484132052, "t": 3}
{"d": 3.3762313714007353, "v": 2.789155337021219, "l_actual": 5, "l_estimated": 2.9359529863381253, "t": 4}
{"d": 1.1653867084219542, "v": 6.7951143787814265, "l_actual": 5, "l_estimated": 7.15275197766466, "t": 5}
{"d": 2.960501087203381, "v": 3.1790155107374214, "l_actual": 5, "l_estimated": 3.3463321165657067, "t": 6}
{"d": 1.1395165979408022, "v": 6.273080804137324, "l_actual": 5, "l_estimated": 6.603242951723499, "t": 7}
{"d": 2.4125974020781262, "v": 3.5151374998950438, "l_actual": 5, "l_estimated": 3.7001447367316254, "t": 8}
{"d": 0.92773490197317, "v": 5.89760230951986, "l_actual": 5, "l_estimated": 6.208002431073537, "t": 9}
{"d": 1.8253372114930304, "v": 3.7895230268862794, "l_actual": 5, "l_estimated": 3.988971607248715, "t": 10}
{"d": 0.6148602383793098, "v": 5.620851860990171, "l_actual": 5, "l_estimated": 5.916686169463338, "t": 11}
{"d": 1.2357120993694806, "v": 4.007403520361195, "l_actual": 5, "l_estimated": 4.218319495117048, "t": 12}
{"d": 0.24311561973067564, "v": 5.413661002690869, "l_actual": 5, "l_estimated": 5.698590529148284, "t": 13}
{"d": 0.6567766224215448, "v": 4.17783677104869, "l_actual": 5, "l_estimated": 4.397722916893358, "t": 14}
{"d": -0.16538660652976533, "v": 5.257045403966377, "l_actual": 5, "l_estimated": 5.5337320041751346, "t": 15}
{"d": 0.0916587974366121, "v": 4.310035875184929, "l_actual": 5, "l_estimated": 4.536879868615715, "t": 16}
{"d": -0.5983053273784589, "v": 5.13796853078537, "l_actual": 5, "l_estimated": 5.4083879271424955, "t": 17}
{"d": -0.4603367965930887, "v": 4.412084796715467, "l_actual": 5, "l_estimated": 4.644299786016282, "t": 18}
{"d": -1.0482519998776216, "v": 5.047117656219735, "l_actual": 5, "l_estimated": 5.312755427599721, "t": 19}
{"d": -1.001134343657887, "v": 4.490640549428892, "l_actual": 5, "l_estimated": 4.726990052030413, "t": 20}
{"d": -1.5104937942289953, "v": 4.977659182845383, "l_actual": 10, "l_estimated": 5.239641245100404, "t": 21}
{"d": -6.5328346113836115, "v": 7.486675151382288, "l_actual": 10, "l_estimated": 7.880710685665567, "t": 22}
{"d": -9.046159460001324, "v": 7.2578540486943295, "l_actual": 10, "l_estimated": 7.639846367046663, "t": 23}
{"d": -11.788305411306993, "v": 8.777924712203369, "l_actual": 10, "l_estimated": 9.239920749687757, "t": 24}
{"d": -13.010380699103624, "v": 8.331709213915367, "l_actual": 10, "l_estimated": 8.770220225174072, "t": 25}
{"d": -14.678671485188257, "v": 9.315740155495511, "l_actual": 10, "l_estimated": 9.806042268942644, "t": 26}
{"d": -15.362931329692746, "v": 8.851862662676869, "l_actual": 10, "l_estimated": 9.31775017123881, "t": 27}
{"d": -16.511068667015877, "v": 9.524791020839524, "l_actual": 10, "l_estimated": 10.026095811410027, "t": 28}
{"d": -16.986277646176354, "v": 9.11437135987362, "l_actual": 10, "l_estimated": 9.594075115656441, "t": 29}
{"d": -17.871906286302735, "v": 9.593673601628856, "l_actual": 10, "l_estimated": 10.09860379118827, "t": 30}
{"d": -18.27823268467388, "v": 9.25436630949929, "l_actual": 10, "l_estimated": 9.741438220525568, "t": 31}
{"d": -19.023866375174592, "v": 9.605394546219223, "l_actual": 10, "l_estimated": 10.110941627599184, "t": 32}
{"d": -19.41847182895537, "v": 9.334157122188204, "l_actual": 10, "l_estimated": 9.825428549671793, "t": 33}
{"d": -20.084314706767167, "v": 9.595905907186522, "l_actual": 10, "l_estimated": 10.100953586512128, "t": 34}
{"d": -20.488408799580647, "v": 9.382951633462557, "l_actual": 10, "l_estimated": 9.876791193118482, "t": 35}
{"d": -21.10545716611809, "v": 9.580323832560765, "l_actual": 10, "l_estimated": 10.084551402695542, "t": 36}
{"d": -21.525133333557324, "v": 9.414797382828404, "l_actual": 10, "l_estimated": 9.910313034556214, "t": 37}
{"d": -22.11033595072892, "v": 9.56464141954401, "l_actual": 10, "l_estimated": 10.068043599520012, "t": 38}
{"d": -22.54569453118491, "v": 9.436712552868123, "l_actual": 10, "l_estimated": 9.933381634598025, "t": 39}
{"d": -23.108981978316788, "v": 9.55093751461739, "l_actual": 5, "l_estimated": 10.053618436439358, "t": 40}
{"d": -18.558044463699396, "v": 6.516729789430928, "l_actual": 5, "l_estimated": 6.85971556782203, "t": 41}
{"d": -17.041314674268467, "v": 7.206312058563766, "l_actual": 5, "l_estimated": 7.585591640593438, "t": 42}
{"d": -14.8350026157047, "v": 5.2833517030499335, "l_actual": 5, "l_estimated": 5.56142284531572, "t": 43}
{"d": -14.551650912654768, "v": 6.082754338397257, "l_actual": 5, "l_estimated": 6.402899303576061, "t": 44}
{"d": -13.46889657425751, "v": 4.789711759240033, "l_actual": 5, "l_estimated": 5.041801851831614, "t": 45}
{"d": -13.679184815017477, "v": 5.524355591955631, "l_actual": 5, "l_estimated": 5.81511114942698, "t": 46}
{"d": -13.154829223061846, "v": 4.614444401416962, "l_actual": 5, "l_estimated": 4.857309896228381, "t": 47}
{"d": -13.540384821644885, "v": 5.232460609078558, "l_actual": 5, "l_estimated": 5.5078532727142715, "t": 48}
{"d": -13.307924212566327, "v": 4.5714262835985116, "l_actual": 5, "l_estimated": 4.812027666945802, "t": 49}
{"d": -13.736497928967815, "v": 5.069905506665194, "l_actual": 5, "l_estimated": 5.336742638594941, "t": 50}
{"d": -13.666592422302621, "v": 4.57951978294404, "l_actual": 5, "l_estimated": 4.820547139941095, "t": 51}
{"d": -14.087072639358581, "v": 4.972803644108602, "l_actual": 5, "l_estimated": 5.234530151693265, "t": 52}
{"d": -14.11426899524998, "v": 4.604193765476981, "l_actual": 5, "l_estimated": 4.846519753133665, "t": 53}
{"d": -14.510075229772998, "v": 4.910729736087994, "l_actual": 5, "l_estimated": 5.169189195882099, "t": 54}
{"d": -14.599345493685004, "v": 4.63141613000137, "l_actual": 5, "l_estimated": 4.875174873685653, "t": 55}
{"d": -14.967929363683634, "v": 4.868699029155764, "l_actual": 5, "l_estimated": 5.124946346479752, "t": 56}
{"d": -15.09923033452787, "v": 4.6560225429106845, "l_actual": 5, "l_estimated": 4.901076360958616, "t": 57}
{"d": -15.443207791617187, "v": 4.838973037820157, "l_actual": 5, "l_estimated": 5.093655829284376, "t": 58}
{"d": -15.60423475379703, "v": 4.676568533457934, "l_actual": 5, "l_estimated": 4.922703719429405, "t": 59}
{"d": -15.927666220339095, "v": 4.8173046040655185, "l_actual": 5, "l_estimated": 5.070846951647915, "t": 60}
{"d": -16.110361616273575, "v": 4.693077379829011, "l_actual": 5, "l_estimated": 4.94008145245159, "t": 61}
{"d": -16.417284236444566, "v": 4.801195308384289, "l_actual": 5, "l_estimated": 5.0538897982992514, "t": 62}
{"d": -16.61608892806028, "v": 4.7060753408298925, "l_actual": 5, "l_estimated": 4.953763516663045, "t": 63}
{"d": -16.910013587230388, "v": 4.789070277450808, "l_actual": 5, "l_estimated": 5.041126607842956, "t": 64}
{"d": -17.12094330977958, "v": 4.716194510896743, "l_actual": 5, "l_estimated": 4.964415274628151, "t": 65}
{"d": -17.404748798882835, "v": 4.779875167821152, "l_actual": 5, "l_estimated": 5.031447545074897, "t": 66}
{"d": -17.624873631061682, "v": 4.724022328803125, "l_actual": 5, "l_estimated": 4.972655082950658, "t": 67}
{"d": -17.90085130225856, "v": 4.7728704177886145, "l_actual": 5, "l_estimated": 5.024074123988016, "t": 68}
{"d": -18.127980884469945, "v": 4.730055431943755, "l_actual": 5, "l_estimated": 4.979005717835531, "t": 69}
