{"d": 3.071258528009433, "v": 2.449943084510795, "l_actual": 5, "l_estimated": 2.449943084510795, "t": 0}
{"d": -0.9356924982034793, "v": 10.843937492744242, "l_actual": 5, "l_estimated": 10.843937492744242, "t": 1}
{"d": 4.7131969651537355, "v": 1.5119294377983508, "l_actual": 5, "l_estimated": 1.5119294377983508, "t": 2}
{"d": 0.645091952407265, "v": 9.882982716073547, "l_actual": 5, "l_estimated": 9.882982716073547, "t": 3}
{"d": 4.131545799072675, "v": 2.5431371270240977, "l_actual": 5, "l_estimated": 2.5431371270240977, "t": 4}
{"d": 0.5802795868007995, "v": 9.275755331771549, "l_actual": 5, "l_estimated": 9.275755331771549, "t": 5}
{"d": 4.457589950466826, "v": 2.718239854868772, "l_actual": 5, "l_estimated": 2.718239854868772, "t": 6}
{"d": 0.022733315546464072, "v": 9.51193254061051, "l_actual": 5, "l_estimated": 9.51193254061051, "t": 7}
{"d": 3.0261160853413758, "v": 3.457002614170915, "l_actual": 5, "l_estimated": 3.457002614170915, "t": 8}
{"d": 0.5063412259428088, "v": 8.756462164985148, "l_actual": 5, "l_estimated": 8.756462164985148, "t": 9}
{"d": 3.3446177685094045, "v": 3.7270645916900493, "l_actual": 5, "l_estimated": 3.7270645916900493, "t": 10}
{"d": 1.688272646661753, "v": 7.85908082644746, "l_actual": 5, "l_estimated": 7.85908082644746, "t": 11}
{"d": 3.049677280183496, "v": 4.463960014249346, "l_actual": 5, "l_estimated": 4.463960014249346, "t": 12}
{"d": 1.6806798570109835, "v": 7.408347010269942, "l_actual": 5, "l_estimated": 7.408347010269942, "t": 13}
{"d": 4.097971134733736, "v": 4.094647600331969, "l_actual": 5, "l_estimated": 4.094647600331969, "t": 14}
{"d": 1.1153312233378687, "v": 7.985999305622622, "l_actual": 5, "l_estimated": 7.985999305622622, "t": 15}
{"d": 4.628639042701716, "v": 3.4096680442648335, "l_actual": 5, "l_estimated": 3.4096680442648335, "t": 16}
{"d": 3.9545349399507943, "v": 6.654615555018514, "l_actual": 5, "l_estimated": 6.654615555018514, "t": 17}
{"d": 5.318947282869556, "v": 3.8058744990696947, "l_actual": 5, "l_estimated": 3.8058744990696947, "t": 18}
{"d": 7.3608586708288275, "v": 4.304522657019029, "l_actual": 5, "l_estimated": 4.304522657019029, "t": 19}
{"d": 7.505588711371998, "v": 3.906893062729984, "l_actual": 5, "l_estimated": 3.906893062729984, "t": 20}
{"d": 7.482194372441305, "v": 4.167100163536948, "l_actual": 10, "l_estimated": 4.167100163536948, "t": 21}
{"d": 3.297562880140525, "v": 6.59252782375925, "l_actual": 10, "l_estimated": 6.59252782375925, "t": 22}
{"d": -1.1368110602012997, "v": 7.834124906445782, "l_actual": 10, "l_estimated": 7.834124906445782, "t": 23}
{"d": -2.6473403505261426, "v": 8.000334151435801, "l_actual": 10, "l_estimated": 8.000334151435801, "t": 24}
{"d": -3.1776225943739513, "v": 8.225343639116016, "l_actual": 10, "l_estimated": 8.225343639116016, "t": 25}
{"d": -5.5007438882717015, "v": 9.522048047555886, "l_actual": 10, "l_estimated": 9.522048047555886, "t": 26}
{"d": -4.013895433194616, "v": 7.8017177684203105, "l_actual": 10, "l_estimated": 7.8017177684203105, "t": 27}
{"d": -8.026254501669573, "v": 11.344714632188081, "l_actual": 10, "l_estimated": 11.344714632188081, "t": 28}
{"d": -4.984908188242645, "v": 7.275366755088286, "l_actual": 10, "l_estimated": 7.275366755088286, "t": 29}
{"d": -6.346296585958618, "v": 10.63174635686142, "l_actual": 10, "l_estimated": 10.63174635686142, "t": 30}
{"d": -2.7098607545327207, "v": 6.309948742089599, "l_actual": 10, "l_estimated": 6.309948742089599, "t": 31}
{"d": -7.239815224336961, "v": 11.780632390345339, "l_actual": 10, "l_estimated": 11.780632390345339, "t": 32}
{"d": -2.8926950754716056, "v": 5.712895948846725, "l_actual": 10, "l_estimated": 5.712895948846725, "t": 33}
{"d": -8.6205506293583, "v": 13.002972719421038, "l_actual": 10, "l_estimated": 13.002972719421038, "t": 34}
{"d": -6.600803381321026, "v": 7.249185046638945, "l_actual": 10, "l_estimated": 7.249185046638945, "t": 35}
{"d": -9.755427273069701, "v": 12.754886179291585, "l_actual": 10, "l_estimated": 12.754886179291585, "t": 36}
{"d": -7.7897235678813335, "v": 8.137304045795448, "l_actual": 10, "l_estimated": 8.137304045795448, "t": 37}
{"d": -9.623162437020115, "v": 12.124254287563254, "l_actual": 10, "l_estimated": 12.124254287563254, "t": 38}
{"d": -8.157521118619663, "v": 8.754367376608453, "l_actual": 10, "l_estimated": 8.754367376608453, "t": 39}
{"d": -10.240380449001938, "v": 12.124349885783003, "l_actual": 5, "l_estimated": 12.124349885783003, "t": 40}
{"d": -1.712343299307616, "v": 4.770969337787611, "l_actual": 5, "l_estimated": 4.770969337787611, "t": 41}
{"d": -2.895655078917563, "v": 10.046935347748164, "l_actual": 5, "l_estimated": 10.046935347748164, "t": 42}
{"d": 3.3746189383745984, "v": 2.9109665686414745, "l_actual": 5, "l_estimated": 2.9109665686414745, "t": 43}
{"d": 3.0594605326763498, "v": 7.516016423349247, "l_actual": 5, "l_estimated": 7.516016423349247, "t": 44}
{"d": 7.4855998466808025, "v": 1.9344345582551847, "l_actual": 5, "l_estimated": 1.9344345582551847, "t": 45}
{"d": 5.461553025577969, "v": 6.634971592136075, "l_actual": 5, "l_estimated": 6.634971592136075, "t": 46}
{"d": 4.765978441824885, "v": 4.159768674290035, "l_actual": 5, "l_estimated": 4.159768674290035, "t": 47}
{"d": 5.782079343995646, "v": 5.061543313030839, "l_actual": 5, "l_estimated": 5.061543313030839, "t": 48}
{"d": 5.317288370845374, "v": 4.791472555167372, "l_actual": 5, "l_estimated": 4.791472555167372, "t": 49}
{"d": 4.178917755418924, "v": 5.661937195022119, "l_actual": 5, "l_estimated": 5.661937195022119, "t": 50}
{"d": 6.821616931535837, "v": 3.490682548705353, "l_actual": 5, "l_estimated": 3.490682548705353, "t": 51}
{"d": 6.1916463772717805, "v": 5.221934932807043, "l_actual": 5, "l_estimated": 5.221934932807043, "t": 52}
{"d": 5.728760633104702, "v": 4.438041239130953, "l_actual": 5, "l_estimated": 4.438041239130953, "t": 53}
{"d": 5.150518195399888, "v": 5.279887665628644, "l_actual": 5, "l_estimated": 5.279887665628644, "t": 54}
{"d": 6.068667366171156, "v": 4.192150566466256, "l_actual": 5, "l_estimated": 4.192150566466256, "t": 55}
{"d": 5.685212642810579, "v": 5.101397116756352, "l_actual": 5, "l_estimated": 5.101397116756352, "t": 56}
{"d": 2.9056668702461312, "v": 6.257305605254396, "l_actual": 5, "l_estimated": 6.257305605254396, "t": 57}
{"d": 5.103831046531304, "v": 4.184374697681435, "l_actual": 5, "l_estimated": 4.184374697681435, "t": 58}
{"d": 3.3772108453998118, "v": 6.532626424853133, "l_actual": 5, "l_estimated": 6.532626424853133, "t": 59}
{"d": 4.795033421237404, "v": 4.205064501435821, "l_actual": 5, "l_estimated": 4.205064501435821, "t": 60}
{"d": 5.981126373885616, "v": 4.9105311224744845, "l_actual": 5, "l_estimated": 4.9105311224744845, "t": 61}
{"d": 6.090384676548888, "v": 4.407003428145024, "l_actual": 5, "l_estimated": 4.407003428145024, "t": 62}
{"d": 6.640914735446288, "v": 4.377954369290424, "l_actual": 5, "l_estimated": 4.377954369290424, "t": 63}
{"d": 7.384808771449394, "v": 3.936155876725506, "l_actual": 5, "l_estimated": 3.936155876725506, "t": 64}
{"d": 7.536256917581953, "v": 4.11560225946601, "l_actual": 5, "l_estimated": 4.11560225946601, "t": 65}
{"d": 4.636354877298349, "v": 5.7969363207145905, "l_actual": 5, "l_estimated": 5.7969363207145905, "t": 66}
{"d": 6.407352261343352, "v": 3.6632781470931084, "l_actual": 5, "l_estimated": 3.6632781470931084, "t": 67}
{"d": 3.577151558414684, "v": 6.73111164815897, "l_actual": 5, "l_estimated": 6.73111164815897, "t": 68}
{"d": 5.71464027143708, "v": 3.5140455974575704, "l_actual": 5, "l_estimated": 3.5140455974575704, "t": 69}
{"d": 2.029415525518486, "v": 7.779895910004315, "l_actual": 5, "l_estimated": 7.779895910004315, "t": 70}
{"d": 6.230679088252552, "v": 2.546931748464936, "l_actual": 5, "l_estimated": 2.546931748464936, "t": 71}
{"d": 5.424142115554998, "v": 6.2795487245169035, "l_actual": 5, "l_estimated": 6.2795487245169035, "t": 72}
{"d": 8.43778281241353, "v": 2.110132185793444, "l_actual": 5, "l_estimated": 2.110132185793444,