{"d": 1.0781064540853311, "v": 3.264865377827128, "l_actual": 5, "l_estimated": 3.436700397712767, "t": 0}
{"d": -1.0554357421206162, "v": 8.573764890435136, "l_actual": 5, "l_estimated": 9.02501567414225, "t": 1}
{"d": 1.3174384637703895, "v": 3.4393082989907398, "l_actual": 5, "l_estimated": 3.6203245252534106, "t": 2}
{"d": -0.11607813420062518, "v": 7.229744910740851, "l_actual": 5, "l_estimated": 7.610257800779843, "t": 3}
{"d": 1.9013986686689677, "v": 3.5906166871638807, "l_actual": 5, "l_estimated": 3.779596512804085, "t": 4}
{"d": 1.8243928085532133, "v": 5.661996931148161, "l_actual": 5, "l_estimated": 5.959996769629643, "t": 5}
{"d": 4.756719681908269, "v": 2.549089626165531, "l_actual": 5, "l_estimated": 2.68325223806898, "t": 6}
{"d": 4.928025681287065, "v": 4.197435565402704, "l_actual": 5, "l_estimated": 4.418353226739688, "t": 7}
{"d": 4.371412513198372, "v": 3.426735564004581, "l_actual": 5, "l_estimated": 3.6070900673732433, "t": 8}
{"d": 3.4024413443102337, "v": 4.342260823374884, "l_actual": 5, "l_estimated": 4.570800866710405, "t": 9}
{"d": -0.2185120580589559, "v": 5.796521825707944, "l_actual": 5, "l_estimated": 6.101601921797836, "t": 10}
{"d": 0.28664023410483563, "v": 4.46696463422449, "l_actual": 5, "l_estimated": 4.7020680360257785, "t": 11}
{"d": -4.050910533721618, "v": 7.656269906657257, "l_actual": 5, "l_estimated": 8.05923148069185, "t": 12}
{"d": -0.9130101143796483, "v": 3.7047713922415397, "l_actual": 5, "l_estimated": 3.8997593602542526, "t": 13}
{"d": -2.1378873578830495, "v": 6.629505009302179, "l_actual": 5, "l_estimated": 6.978426325581241, "t": 14}
{"d": -0.5792676871801749, "v": 3.792320558441651, "l_actual": 5, "l_estimated": 3.991916377307001, "t": 15}
{"d": -2.0610344606203106, "v": 6.210927128126649, "l_actual": 5, "l_estimated": 6.537818029606999, "t": 16}
{"d": -3.194180700164092, "v": 5.26426365832899, "l_actual": 5, "l_estimated": 5.541330166662095, "t": 17}
{"d": -3.8679744402554057, "v": 6.05301171637448, "l_actual": 5, "l_estimated": 6.37159128039419, "t": 18}
{"d": -5.29084876454491, "v": 6.238279374036415, "l_actual": 5, "l_estimated": 6.566609867406752, "t": 19}
{"d": -4.749264560190136, "v": 5.618747742075968, "l_actual": 5, "l_estimated": 5.9144713074483874, "t": 20}
{"d": -4.645774296582409, "v": 5.748103438116069, "l_actual": 10, "l_estimated": 6.0506351980169155, "t": 21}
{"d": -9.229015219913743, "v": 8.185497103169956, "l_actual": 10, "l_estimated": 8.616312740178902, "t": 22}
{"d": -8.731665755698188, "v": 6.209468879909511, "l_actual": 10, "l_estimated": 6.536283031483696, "t": 23}
{"d": -16.00362582138821, "v": 11.447378274541823, "l_actual": 10, "l_estimated": 12.04987186793876, "t": 24}
{"d": -11.910350594678764, "v": 5.614995043029578, "l_actual": 10, "l_estimated": 5.910521097925871, "t": 25}
{"d": -12.102443261790883, "v": 8.978646480133555, "l_actual": 10, "l_estimated": 9.451206821193217, "t": 26}
{"d": -13.67872727211891, "v": 7.651769916123571, "l_actual": 10, "l_estimated": 8.054494648551128, "t": 27}
{"d": -16.369469577866415, "v": 9.774190986596066, "l_actual": 10, "l_estimated": 10.288622091153755, "t": 28}
{"d": -17.60433567670098, "v": 8.951039692095224, "l_actual": 10, "l_estimated": 9.422147044310762, "t": 29}
{"d": -15.369393055651253, "v": 7.845529080288973, "l_actual": 10, "l_estimated": 8.258451663462077, "t": 30}
{"d": -16.49267756320761, "v": 8.91168647956143, "l_actual": 10, "l_estimated": 9.380722610064664, "t": 31}
{"d": -15.638791145915597, "v": 7.50898050088922, "l_actual": 10, "l_estimated": 7.904190000936022, "t": 32}
{"d": -20.78090438641752, "v": 11.119614933658237, "l_actual": 10, "l_estimated": 11.704857824903408, "t": 33}
{"d": -19.928015131605537, "v": 8.155321054028093, "l_actual": 10, "l_estimated": 8.584548477924308, "t": 34}
{"d": -21.554969813545334, "v": 10.598978052757065, "l_actual": 10, "l_estimated": 11.156819002902175, "t": 35}
{"d": -22.963382479754607, "v": 9.663626243676184, "l_actual": 10, "l_estimated": 10.172238151238089, "t": 36}
{"d": -24.491284176415835, "v": 10.811259440000976, "l_actual": 10, "l_estimated": 11.38027309473787, "t": 37}
{"d": -23.001673082305906, "v": 8.928761872526294, "l_actual": 10, "l_estimated": 9.398696707922415, "t": 38}
{"d": -25.170501071558096, "v": 11.031512005663407, "l_actual": 10, "l_estimated": 11.612117900698323, "t": 39}
{"d": -21.325139936175418, "v": 7.198291351152371, "l_actual": 5, "l_estimated": 7.577148790686707, "t": 40}
{"d": -20.61155962636414, "v": 8.807493492770435, "l_actual": 5, "l_estimated": 9.271045781863616, "t": 41}
{"d": -17.195960838360584, "v": 5.585104102911333, "l_actual": 5, "l_estimated": 5.879056950432982, "t": 42}
{"d": -18.010367487001353, "v": 7.782648194167705, "l_actual": 5, "l_estimated": 8.192261257018638, "t": 43}
{"d": -14.75609644408184, "v": 4.341214438207095, "l_actual": 5, "l_estimated": 4.569699408639048, "t": 44}
{"d": -14.230899112841719, "v": 5.9192801026662565, "l_actual": 5, "l_estimated": 6.230821160701323, "t": 45}
{"d": -14.301759016844851, "v": 4.851435119445935, "l_actual": 5, "l_estimated": 5.10677380994309, "t": 46}
{"d": -13.74087429237717, "v": 4.999170266856155, "l_actual": 5, "l_estimated": 5.262284491427532, "t": 47}
{"d": -14.786169183765677, "v": 5.3716737171095295, "l_actual": 5, "l_estimated": 5.654393386431084, "t": 48}
{"d": -15.43791671533347, "v": 5.369633087166193, "l_actual": 5, "l_estimated": 5.652245354911782, "t": 49}
{"d": -18.88450689539559, "v": 7.228504801888736, "l_actual": 5, "l_estimated": 7.608952423040775, "t": 50}
{"d": -18.015603666606847, "v": 5.403566971805499, "l_actual": 5, "l_estimated": 5.687965233479472, "t": 51}
{"d": -15.614639369753153, "v": 4.898383831212919, "l_actual": 5, "l_estimated": 5.156193506539915, "t": 52}
{"d": -13.621453967592611, "v": 3.8733612719948667, "l_actual": 5, "l_estimated": 4.077222391573544, "t": 53}
{"d": -15.623495075454652, "v": 5.530954646901974, "l_actual": 5, "l_estimated": 5.82205752305471, "t": 54}
{"d": -14.94487706270007, "v": 3.9883736084454875, "l_actual": 5, "l_estimated": 4.198288008889987, "t": 55}
{"d": -18.19937529720005, "v": 6.6816462214968615, "l_actual": 5, "l_estimated": 7.03331181210196, "t": 56}
{"d": -16.270563589525842, "v": 3.761397049589934, "l_actual": 5, "l_estimated": 3.9593653153578257, "t": 57}
{"d": -16.679761931716815, "v": 5.599989629596205, "l_actual": 5, "l_estimated": 5.894725925890743, "t": 58}
{"d": -15.937027642352671, "v": 3.9113600789322738, "l_actual": 5, "l_estimated": 4.117221135718183, "t": 59}
{"d": -15.75731545587543, "v": 4.676426511799458, "l_actual": 5, "l_estimated": 4.922554222946798, "t": 60}
{"d": -13.507271579473198, "v": 2.7616483668795286, "l_actual": 5, "l_estimated": 2.9069982809258197, "t": 61}
{"d": -15.751300356269024, "v": 5.118078567849396, "l_actual": 5, "l_estimated": 5.387451124051996, "t": 62}
{"d": -15.457378348853368, "v": 3.403813882654662, "l_actual": 5, "l_estimated": 3.5829619817417493, "t": 63}
{"d": -19.991132419348006, "v": 6.967043804806409, "l_actual": 5, "l_estimated": 7.3337303208488525, "t": 64}
{"d": -18.908709461864, "v": 4.024137500611138, "l_actual": 5, "l_estimated": 4.235934211169619, "t": 65}
{"d": -20.548406744039333, "v": 6.59037934774909, "l_actual": 5, "l_estimated": 6.937241418683254, "t": 66}
{"d": -18.158402935609967, "v": 3.4767535678179975, "l_actual": 5, "l_estimated": 3.6597405977031556, "t": 67}
{"d": -21.75725891528344, "v": 7.310430756531405, "l_actual": 5, "l_estimated": 7.695190270033058, "t": 68}
{"d": -18.991679063517964, "v": 3.209889128597112, "l_actual": 5, "l_estimated": 3.378830661681171, "t": 69}
{"d": -22.140759988690053, "v": 7.367185585773679, "l_actual": 5, "l_estimated": 7.754932195551242, "t": 70}
{"d": -18.688886785417587, "v": 2.6719378285959587, "l_actual": 5, "l_estimated": 2.8125661353641673, "t": 71}
{"d": -19.374681452010716, "v": 5.748754166056738, "l_actual": 5, "l_estimated": 6.051320174796567, "t": 72}
{"d": -19.758245787942194,