{"d": 0.0, "v": 3.9704426253615015, "l_actual": 7, "l_estimated": 3.9704426253615015, "t": 0}
{"d": 0.0, "v": 6.942286035510252, "l_actual": 7, "l_estimated": 6.942286035510252, "t": 1}
{"d": 0.0, "v": 4.967387795580236, "l_actual": 7, "l_estimated": 4.967387795580236, "t": 2}
{"d": 0.0, "v": 6.20110711586602, "l_actual": 7, "l_estimated": 6.20110711586602, "t": 3}
{"d": 0.0, "v": 5.43742979181212, "l_actual": 7, "l_estimated": 5.43742979181212, "t": 4}
{"d": 0.0, "v": 5.9095163839132425, "l_actual": 7, "l_estimated": 5.9095163839132425, "t": 5}
{"d": 0.0, "v": 5.617741079849691, "l_actual": 7, "l_estimated": 5.617741079849691, "t": 6}
{"d": 0.0, "v": 5.798069013523314, "l_actual": 7, "l_estimated": 5.798069013523314, "t": 7}
{"d": 0.0, "v": 5.68662014216075, "l_actual": 7, "l_estimated": 5.68662014216075, "t": 8}
{"d": 0.0, "v": 5.755499339814909, "l_actual": 7, "l_estimated": 5.755499339814909, "t": 9}
{"d": 0.0, "v": 5.712929653902617, "l_actual": 7, "l_estimated": 5.712929653902617, "t": 10}
{"d": 0.0, "v": 5.739239166744909, "l_actual": 7, "l_estimated": 5.739239166744909, "t": 11}
{"d": 0.0, "v": 5.722978993575683, "l_actual": 7, "l_estimated": 5.722978993575683, "t": 12}
{"d": 0.0, "v": 5.733028333257696, "l_actual": 7, "l_estimated": 5.733028333257696, "t": 13}
{"d": 0.0, "v": 5.726817499769677, "l_actual": 7, "l_estimated": 5.726817499769677, "t": 14}
{"d": 0.0, "v": 5.730656005963743, "l_actual": 7, "l_estimated": 5.730656005963743, "t": 15}
{"d": 0.0, "v": 5.728283678669783, "l_actual": 7, "l_estimated": 5.728283678669783, "t": 16}
{"d": 0.0, "v": 5.72974985756989, "l_actual": 7, "l_estimated": 5.72974985756989, "t": 17}
{"d": 0.0, "v": 5.728843709176036, "l_actual": 7, "l_estimated": 5.728843709176036, "t": 18}
{"d": 0.0, "v": 5.729403739682288, "l_actual": 7, "l_estimated": 5.729403739682288, "t": 19}
{"d": 0.0, "v": 5.729057621794687, "l_actual": 7, "l_estimated": 5.729057621794687, "t": 20}
{"d": 0.0, "v": 5.729271534413339, "l_actual": 10, "l_estimated": 5.729271534413339, "t": 21}
{"d": 0.0, "v": 5.72913932914439, "l_actual": 10, "l_estimated": 5.72913932914439, "t": 22}
{"d": 0.0, "v": 5.729221036494092, "l_actual": 10, "l_estimated": 5.729221036494092, "t": 23}
{"d": 0.0, "v": 5.729170538574846, "l_actual": 10, "l_estimated": 5.729170538574846, "t": 24}
{"d": 0.0, "v": 5.729201748005301, "l_actual": 10, "l_estimated": 5.729201748005301, "t": 25}
{"d": 0.0, "v": 5.72918245951651, "l_actual": 10, "l_estimated": 5.72918245951651, "t": 26}
{"d": 0.0, "v": 5.729194380458175, "l_actual": 10, "l_estimated": 5.729194380458175, "t": 27}
{"d": 0.0, "v": 5.729187012911048, "l_actual": 10, "l_estimated": 5.729187012911048, "t": 28}
{"d": 0.0, "v": 5.729191566305586, "l_actual": 10, "l_estimated": 5.729191566305586, "t": 29}
{"d": 0.0, "v": 5.729188752152997, "l_actual": 10, "l_estimated": 5.729188752152997, "t": 30}
{"d": 0.0, "v": 5.729190491394946, "l_actual": 10, "l_estimated": 5.729190491394946, "t": 31}
{"d": 0.0, "v": 5.729189416484307, "l_actual": 10, "l_estimated": 5.729189416484307, "t": 32}
{"d": 0.0, "v": 5.729190080815617, "l_actual": 10, "l_estimated": 5.729190080815617, "t": 33}
{"d": 0.0, "v": 5.729189670236288, "l_actual": 10, "l_estimated": 5.729189670236288, "t": 34}
{"d": 0.0, "v": 5.729189923988269, "l_actual": 10, "l_estimated": 5.729189923988269, "t": 35}
{"d": 0.0, "v": 5.7291897671609195, "l_actual": 10, "l_estimated": 5.7291897671609195, "t": 36}
{"d": 0.0, "v": 5.729189864085551, "l_actual": 10, "l_estimated": 5.729189864085551, "t": 37}
{"d": 0.0, "v": 5.729189804182835, "l_actual": 10, "l_estimated": 5.729189804182835, "t": 38}
{"d": 0.0, "v": 5.729189841204749, "l_actual": 10, "l_estimated": 5.729189841204749, "t": 39}
{"d": 0.0, "v": 5.729189818323948, "l_actual": 7, "l_estimated": 5.729189818323948, "t": 40}
{"d": 0.0, "v": 5.729189832465061, "l_actual": 7, "l_estimated": 5.729189832465061, "t": 41}
{"d": 0.0, "v": 5.729189823725372, "l_actual": 7, "l_estimated": 5.729189823725372, "t": 42}
{"d": 0.0, "v": 5.729189829126797, "l_actual": 7, "l_estimated": 5.729189829126797, "t": 43}
{"d": 0.0, "v": 5.729189825788533, "l_actual": 7, "l_estimated": 5.729189825788533, "t": 44}
{"d": 0.0, "v": 5.729189827851694, "l_actual": 7, "l_estimated": 5.729189827851694, "t": 45}
{"d": 0.0, "v": 5.72918982657659, "l_actual": 7, "l_estimated": 5.72918982657659, "t": 46}
{"d": 0.0, "v": 5.729189827364648, "l_actual": 7, "l_estimated": 5.729189827364648, "t": 47}
{"d": 0.0, "v": 5.729189826877602, "l_actual": 7, "l_estimated": 5.729189826877602, "t": 48}
{"d": 0.0, "v": 5.729189827178613, "l_actual": 7, "l_estimated": 5.729189827178613, "t": 49}
{"d": 0.0, "v": 5.729189826992577, "l_actual": 7, "l_estimated": 5.729189826992577, "t": 50}
{"d": 0.0, "v": 5.729189827107554, "l_actual": 7, "l_estimated": 5.729189827107554, "t": 51}
{"d": 0.0, "v": 5.729189827036494, "l_actual": 7, "l_estimated": 5.729189827036494, "t": 52}
{"d": 0.0, "v": 5.729189827080411, "l_actual": 7, "l_estimated": 5.729189827080411, "t": 53}
{"d": 0.0, "v": 5.729189827053269, "l_actual": 7, "l_estimated": 5.729189827053269, "t": 54}
{"d": 0.0, "v": 5.729189827070044, "l_actual": 7, "l_estimated": 5.729189827070044, "t": 55}
{"d": 0.0, "v": 5.729189827059677, "l_actual": 7, "l_estimated": 5.729189827059677, "t": 56}
{"d": 0.0, "v": 5.729189827066084, "l_actual": 7, "l_estimated": 5.729189827066084, "t": 57}
{"d": 0.0, "v": 5.729189827062124, "l_actual": 7, "l_estimated": 5.729189827062124, "t": 58}
{"d": 0.0, "v": 5.729189827064571, "l_actual": 7, "l_estimated": 5.729189827064571, "t": 59}
{"d": 0.0, "v": 5.729189827063059, "l_actual": 7, "l_estimated": 5.729189827063059, "t": 60}
{"d": 0.0, "v": 5.729189827063994, "l_actual": 7, "l_estimated": 5.729189827063994, "t": 61}
{"d": 0.0, "v": 5.729189827063416, "l_actual": 7, "l_estimated": 5.729189827063416, "t": 62}
{"d": 0.0, "v": 5.729189827063773, "l_actual": 7, "l_estimated": 5.729189827063773, "t": 63}
{"d": 0.0, "v": 5.729189827063553, "l_actual": 7, "l_estimated": 5.729189827063553, "t": 64}
{"d": 0.0, "v": 5.7291898270636885, "l_actual": 7, "l_estimated": 5.7291898270636885, "t": 65}
{"d": 0.0, "v": 5.729189827063604, "l_actual": 7, "l_estimated": 5.729189827063604, "t": 66}
{"d": 0.0, "v": 5.7291898270636565, "l_actual": 7, "l_estimated": 5.7291898270636565, "t": 67}
{"d": 0.0, "v": 5.729189827063625, "l_actual": 7, "l_estimated": 5.729189827063625, "t": 68}
{"d": 0.0, "v": 5.729189827063644, "l_actual": 7, "l_estimated": 5.729189827063644, "t": 69}
{"d": 0.0, "v": 5.729189827063632, "l_actual": 7, "l_estimated": 5.729189827063632, "t": 70}
{"d": 0.0, "v": 5.72918982706364, "l_actual": 7, "l_estimated": 5.72918982706364, "t": 71}
{"d": 0.0, "v": 5.729189827063634, "l_actual": 7, "l_estimated": 5.729189827063634, "t": 72}
{"d": 0.0, "v": 5.729189827063638, "l_actual": 7, "l_estimated": 5.729189827063638, "t": 73}
{"d": 0.0, "v": 5.729189827063636, "l_actual": 7, "l_estimated": 5.729189827063636, "t": 74}
{"d": 0.0, "v": 5.729189827063637, "l_actual": 7, "l_estimated": 5.729189827063637, "t": 75}
{"d": 0.0, "v": 5.729189827063636, "l_actual": 7, "l_estimated": 5.729189827063636, "t": 76}
{"d": 0.0, "v": 5.729189827063637, "l_actual": 7, "l_estimated": 5.729189827063637, "t": 77}
{"d": 0.0, "v": 5.729189827063636, "l_actual": 7, "l_estimated": 5.729189827063636, "t": 78}
{"d": 0.0, "v": 5.729189827063637, "l_actual": 7, "l_estimated": 5.729189827063637, "t": 79}
{"d": 0.0, "v": 5.729189827063636, "l_actual": 7, "l_estimated": 5.729189827063636, "t": 80}
{"d": 0.0, "v": 5.729189827063637, "l_actual": 7, "l_estimated": 5.729189827063637, "t": 81}
{"d": 0.0, "v": 5.729189827063636, "l_actual": 7, "l_estimated": 5.729189827063636, "t": 82}
{"d": 0.0, "v": 5.729189827063637, "l_actual": 7, "l_estimated": 5.729189827063637, "t": 83}
{"d": 0.0, "v": 5.729189827063636, "l_actual": 7, "l_estimated": 5.729189827063636, "t": 84}
{"d": 0.0, "v": 5.729189827063637, "l_actual": 7, "l_estimated": 5.729189827063637,