{"d": 2, "v": -1.0, "l_actual": 5, "t": 0}
{"d": -4.0, "v": 2.0, "l_actual": 5, "t": 1}
{"d": -7.0, "v": 3.5, "l_actual": 5, "t": 2}
{"d": -8.5, "v": 4.25, "l_actual": 5, "t": 3}
{"d": -9.25, "v": 4.625, "l_actual": 5, "t": 4}
{"d": -9.625, "v": 4.8125, "l_actual": 5, "t": 5}
{"d": -9.8125, "v": 4.90625, "l_actual": 5, "t": 6}
{"d": -9.90625, "v": 4.953125, "l_actual": 5, "t": 7}
{"d": -9.953125, "v": 4.9765625, "l_actual": 5, "t": 8}
{"d": -9.9765625, "v": 4.98828125, "l_actual": 5, "t": 9}
{"d": -9.98828125, "v": 4.994140625, "l_actual": 5, "t": 10}
{"d": -9.994140625, "v": 4.9970703125, "l_actual": 5, "t": 11}
{"d": -9.9970703125, "v": 4.99853515625, "l_actual": 5, "t": 12}
{"d": -9.99853515625, "v": 4.999267578125, "l_actual": 5, "t": 13}
{"d": -9.999267578125, "v": 4.9996337890625, "l_actual": 5, "t": 14}
{"d": -9.9996337890625, "v": 4.99981689453125, "l_actual": 5, "t": 15}
{"d": -9.99981689453125, "v": 4.999908447265625, "l_actual": 5, "t": 16}
{"d": -9.999908447265625, "v": 4.9999542236328125, "l_actual": 5, "t": 17}
{"d": -9.999954223632812, "v": 4.999977111816406, "l_actual": 5, "t": 18}
{"d": -9.999977111816406, "v": 4.999988555908203, "l_actual": 5, "t": 19}
{"d": -9.999988555908203, "v": 4.999994277954102, "l_actual": 5, "t": 20}
{"d": -9.999994277954102, "v": 4.999997138977051, "l_actual": 10, "t": 21}
{"d": -14.99999713897705, "v": 7.499998569488525, "l_actual": 10, "t": 22}
{"d": -17.499998569488525, "v": 8.749999284744263, "l_actual": 10, "t": 23}
{"d": -18.749999284744263, "v": 9.374999642372131, "l_actual": 10, "t": 24}
{"d": -19.37499964237213, "v": 9.687499821186066, "l_actual": 10, "t": 25}
{"d": -19.687499821186066, "v": 9.843749910593033, "l_actual": 10, "t": 26}
{"d": -19.843749910593033, "v": 9.921874955296516, "l_actual": 10, "t": 27}
{"d": -19.921874955296516, "v": 9.960937477648258, "l_actual": 10, "t": 28}
{"d": -19.960937477648258, "v": 9.980468738824129, "l_actual": 10, "t": 29}
{"d": -19.98046873882413, "v": 9.990234369412065, "l_actual": 10, "t": 30}
{"d": -19.990234369412065, "v": 9.995117184706032, "l_actual": 10, "t": 31}
{"d": -19.995117184706032, "v": 9.997558592353016, "l_actual": 10, "t": 32}
{"d": -19.997558592353016, "v": 9.998779296176508, "l_actual": 10, "t": 33}
{"d": -19.998779296176508, "v": 9.999389648088254, "l_actual": 10, "t": 34}
{"d": -19.999389648088254, "v": 9.999694824044127, "l_actual": 10, "t": 35}
{"d": -19.999694824044127, "v": 9.999847412022064, "l_actual": 10, "t": 36}
{"d": -19.999847412022064, "v": 9.999923706011032, "l_actual": 10, "t": 37}
{"d": -19.99992370601103, "v": 9.999961853005516, "l_actual": 10, "t": 38}
{"d": -19.999961853005516, "v": 9.999980926502758, "l_actual": 10, "t": 39}
{"d": -19.999980926502758, "v": 9.999990463251379, "l_actual": 5, "t": 40}
{"d": -14.999990463251379, "v": 7.4999952316256895, "l_actual": 5, "t": 41}
{"d": -12.49999523162569, "v": 6.249997615812845, "l_actual": 5, "t": 42}
{"d": -11.249997615812845, "v": 5.624998807906422, "l_actual": 5, "t": 43}
{"d": -10.624998807906422, "v": 5.312499403953211, "l_actual": 5, "t": 44}
{"d": -10.312499403953211, "v": 5.156249701976606, "l_actual": 5, "t": 45}
{"d": -10.156249701976606, "v": 5.078124850988303, "l_actual": 5, "t": 46}
{"d": -10.078124850988303, "v": 5.039062425494151, "l_actual": 5, "t": 47}
{"d": -10.039062425494151, "v": 5.019531212747076, "l_actual": 5, "t": 48}
{"d": -10.019531212747076, "v": 5.009765606373538, "l_actual": 5, "t": 49}
{"d": -10.009765606373538, "v": 5.004882803186769, "l_actual": 5, "t": 50}
{"d": -10.004882803186769, "v": 5.0024414015933845, "l_actual": 5, "t": 51}
{"d": -10.002441401593384, "v": 5.001220700796692, "l_actual": 5, "t": 52}
{"d": -10.001220700796692, "v": 5.000610350398346, "l_actual": 5, "t": 53}
{"d": -10.000610350398347, "v": 5.000305175199173, "l_actual": 5, "t": 54}
{"d": -10.000305175199173, "v": 5.000152587599587, "l_actual": 5, "t": 55}
{"d": -10.000152587599587, "v": 5.000076293799793, "l_actual": 5, "t": 56}
{"d": -10.000076293799793, "v": 5.000038146899897, "l_actual": 5, "t": 57}
{"d": -10.000038146899897, "v": 5.000019073449948, "l_actual": 5, "t": 58}
{"d": -10.000019073449948, "v": 5.000009536724974, "l_actual": 5, "t": 59}
{"d": -10.000009536724974, "v": 5.000004768362487, "l_actual": 5, "t": 60}
{"d": -10.000004768362487, "v": 5.0000023841812435, "l_actual": 5, "t": 61}
{"d": -10.000002384181244, "v": 5.000001192090622, "l_actual": 5, "t": 62}
{"d": -10.000001192090622, "v": 5.000000596045311, "l_actual": 5, "t": 63}
{"d": -10.00000059604531, "v": 5.000000298022655, "l_actual": 5, "t": 64}
{"d": -10.000000298022655, "v": 5.000000149011328, "l_actual": 5, "t": 65}
{"d": -10.000000149011328, "v": 5.000000074505664, "l_actual": 5, "t": 66}
{"d": -10.000000074505664, "v": 5.000000037252832, "l_actual": 5, "t": 67}
{"d": -10.000000037252832, "v": 5.000000018626416, "l_actual": 5, "t": 68}
{"d": -10.000000018626416, "v": 5.000000009313208, "l_actual": 5, "t": 69}
