{"d": 2, "v": -4.02, "l_actual": 5, "t": 0}
{"d": -7.02, "v": 14.110199999999997, "l_actual": 5, "t": 1}
{"d": 2.0901999999999976, "v": -4.201301999999995, "l_actual": 5, "t": 2}
{"d": -7.111101999999997, "v": 14.293315019999993, "l_actual": 5, "t": 3}
{"d": 2.1822130199999954, "v": -4.38624817019999, "l_actual": 5, "t": 4}
{"d": -7.204035150199996, "v": 14.48011065190199, "l_actual": 5, "t": 5}
{"d": 2.2760755017019942, "v": -4.574911758421008, "l_actual": 5, "t": 6}
{"d": -7.298836256719014, "v": 14.670660876005217, "l_actual": 5, "t": 7}
{"d": 2.371824619286203, "v": -4.767367484765267, "l_actual": 5, "t": 8}
{"d": -7.395542865479063, "v": 14.865041159612916, "l_actual": 5, "t": 9}
{"d": 2.469498294133853, "v": -4.963691571209044, "l_actual": 5, "t": 10}
{"d": -7.4941932770751905, "v": 15.063328486921131, "l_actual": 5, "t": 11}
{"d": 2.569135209845941, "v": -5.1639617717903405, "l_actual": 5, "t": 12}
{"d": -7.5948265619444, "v": 15.265601389508243, "l_actual": 5, "t": 13}
{"d": 2.670774827563843, "v": -5.368257403403324, "l_actual": 5, "t": 14}
{"d": -7.69748257583948, "v": 15.471939977437353, "l_actual": 5, "t": 15}
{"d": 2.774457401597873, "v": -5.576659377211724, "l_actual": 5, "t": 16}
{"d": -7.802201975613851, "v": 15.68242597098384, "l_actual": 5, "t": 17}
{"d": 2.880223995369988, "v": -5.789250230693676, "l_actual": 5, "t": 18}
{"d": -7.909026235323687, "v": 15.897142733000608, "l_actual": 5, "t": 19}
{"d": 2.9881164976769217, "v": -6.006114160330612, "l_actual": 5, "t": 20}
{"d": -8.01799766265369, "v": 16.116175301933914, "l_actual": 10, "t": 21}
{"d": -1.901822360719775, "v": 3.8226629450467473, "l_actual": 10, "t": 22}
{"d": -8.079159415673027, "v": 16.239110425502783, "l_actual": 10, "t": 23}
{"d": -1.840048990170244, "v": 3.69849847024219, "l_actual": 10, "t": 24}
{"d": -8.141550519928053, "v": 16.364516545055384, "l_actual": 10, "t": 25}
{"d": -1.7770339748726691, "v": 3.5718382894940643, "l_actual": 10, "t": 26}
{"d": -8.205195685378605, "v": 16.492443327610996, "l_actual": 10, "t": 27}
{"d": -1.7127523577676094, "v": 3.4426322391128945, "l_actual": 10, "t": 28}
{"d": -8.270120118654715, "v": 16.622941438495975, "l_actual": 10, "t": 29}
{"d": -1.6471786801587402, "v": 3.3108291471190676, "l_actual": 10, "t": 30}
{"d": -8.336349533039673, "v": 16.756062561409742, "l_actual": 10, "t": 31}
{"d": -1.5802869716299313, "v": 3.1763768129761614, "l_actual": 10, "t": 32}
{"d": -8.403910158653769, "v": 16.891859418894075, "l_actual": 10, "t": 33}
{"d": -1.5120507397596938, "v": 3.039221986916984, "l_actual": 10, "t": 34}
{"d": -8.472828752842709, "v": 17.030385793213842, "l_actual": 10, "t": 35}
{"d": -1.4424429596288668, "v": 2.899310348854022, "l_actual": 10, "t": 36}
{"d": -8.543132610774844, "v": 17.171696547657433, "l_actual": 10, "t": 37}
{"d": -1.371436063117411, "v": 2.756586486865996, "l_actual": 10, "t": 38}
{"d": -8.614849576251416, "v": 17.315847648265343, "l_actual": 10, "t": 39}
{"d": -1.2990019279860725, "v": 2.6109938752520057, "l_actual": 5, "t": 40}
{"d": -3.688008052734067, "v": 7.412896185995473, "l_actual": 5, "t": 41}
{"d": -1.2751118667385937, "v": 2.562974852144573, "l_actual": 5, "t": 42}
{"d": -3.7121370145940205, "v": 7.4613953993339805, "l_actual": 5, "t": 43}
{"d": -1.25074161526004, "v": 2.51399064667268, "l_actual": 5, "t": 44}
{"d": -3.73675096858736, "v": 7.5108694468605925, "l_actual": 5, "t": 45}
{"d": -1.2258815217267673, "v": 2.4640218586708023, "l_actual": 5, "t": 46}
{"d": -3.761859663055965, "v": 7.561337922742489, "l_actual": 5, "t": 47}
{"d": -1.2005217403134765, "v": 2.4130486980300874, "l_actual": 5, "t": 48}
{"d": -3.787473042283389, "v": 7.612820814989611, "l_actual": 5, "t": 49}
{"d": -1.174652227293778, "v": 2.3610509768604935, "l_actual": 5, "t": 50}
{"d": -3.8136012504332846, "v": 7.6653385133709016, "l_actual": 5, "t": 51}
{"d": -1.148262737062383, "v": 2.3080081014953895, "l_actual": 5, "t": 52}
{"d": -3.8402546355669935, "v": 7.718911817489656, "l_actual": 5, "t": 53}
{"d": -1.1213428180773377, "v": 2.2538990643354486, "l_actual": 5, "t": 54}
{"d": -3.867443753741889, "v": 7.773561945021196, "l_actual": 5, "t": 55}
{"d": -1.0938818087206927, "v": 2.1987024355285922, "l_actual": 5, "t": 56}
{"d": -3.8951793731921005, "v": 7.829310540116121, "l_actual": 5, "t": 57}
{"d": -1.0658688330759793, "v": 2.1423963544827185, "l_actual": 5, "t": 58}
{"d": -3.923472478593261, "v": 7.886179681972454, "l_actual": 5, "t": 59}
{"d": -1.037292796620807, "v": 2.0849585212078217, "l_actual": 5, "t": 60}
{"d": -3.9523342754129853, "v": 7.9441918935801, "l_actual": 5, "t": 61}
{"d": -1.0081423818328856, "v": 2.0263661874840997, "l_actual": 5, "t": 62}
{"d": -3.981776194348786, "v": 8.003370150641059, "l_actual": 5, "t": 63}
{"d": -0.9784060437077269, "v": 1.966596147852531, "l_actual": 5, "t": 64}
{"d": -4.011809895855196, "v": 8.063737890668943, "l_actual": 5, "t": 65}
{"d": -0.948072005186253, "v": 1.9056247304243683, "l_actual": 5, "t": 66}
{"d": -4.0424472747618845, "v": 8.125319022271388, "l_actual": 5, "t": 67}
{"d": -0.9171282524904969, "v": 1.8434277875058986, "l_actual": 5, "t": 68}
{"d": -4.073700464984598, "v": 8.188137934619041, "l_actual": 5, "t": 69}
