{"actual_output": -1.126733512036278, "target_output": 0, "input": -1.5887634664949142, "time": 1}
{"actual_output": 0.17994675847624791, "target_output": 0, "input": -0.6904853740296758, "time": 2}
{"actual_output": 2.571335982153986, "target_output": 0, "input": 0.0646381030817112, "time": 3}
{"actual_output": -0.9702731562831216, "target_output": 0, "input": -1.7791901634606881, "time": 4}
{"actual_output": 1.1262213326766313, "target_output": 0, "input": -0.5146083842230177, "time": 5}
{"actual_output": 0.39378975225264523, "target_output": 0, "input": -1.4626126872258864, "time": 6}
{"actual_output": -1.2737316534368484, "target_output": 0, "input": -1.6714999684776723, "time": 7}
{"actual_output": 1.3117265602425277, "target_output": 0, "input": -0.6098985323533843, "time": 8}
{"actual_output": 0.20162464770203825, "target_output": 0, "input": -1.235481253112047, "time": 9}
{"actual_output": -0.857971593639538, "target_output": 0, "input": -1.4944860440217087, "time": 10}
{"actual_output": 0.3705047016170451, "target_output": 0, "input": -1.3150236284065675, "time": 11}
{"actual_output": 0.4560558407907904, "target_output": 0, "input": -1.0220855630262695, "time": 12}
{"actual_output": -1.180412170546355, "target_output": 0, "input": -1.1280207436536822, "time": 13}
{"actual_output": 0.40222090451465076, "target_output": 0, "input": -0.9506031818007444, "time": 14}
{"actual_output": 1.113708685818752, "target_output": 0, "input": -0.7792443139289028, "time": 15}
{"actual_output": -1.7107855881403187, "target_output": 0, "input": -1.3033135014041994, "time": 16}
{"actual_output": 0.19967493948545856, "target_output": 0, "input": -1.2180162768855858, "time": 17}
{"actual_output": 0.5693658848659191, "target_output": 0, "input": -0.8700157158744893, "time": 18}
{"actual_output": -0.10064434012804291, "target_output": 0, "input": -1.252755395701339, "time": 19}
{"actual_output": -0.03937015871258029, "target_output": 0, "input": -0.9292543313681592, "time": 20}
{"actual_output": -0.4110925357542729, "target_output": 0, "input": -1.0139010450582202, "time": 21}
{"actual_output": 0.25612303721956375, "target_output": 0, "input": -0.9529048577823593, "time": 22}
{"actual_output": 0.3769331774680726, "target_output": 0, "input": -0.6685208578958282, "time": 23}
{"actual_output": -0.8084298368487053, "target_output": 0, "input": -1.5861645978772583, "time": 24}
{"actual_output": 0.8179472801788354, "target_output": 0, "input": -0.46589373328978934, "time": 25}
{"actual_output": 1.0883610679232483, "target_output": 0, "input": -0.8370853453114873, "time": 26}
{"actual_output": -1.2649557501970305, "target_output": 0, "input": -2.005343505756782, "time": 27}
{"actual_output": 1.49991801654251, "target_output": 0, "input": -0.26116412276832324, "time": 28}
{"actual_output": 0.06063058021068757, "target_output": 0, "input": -0.7316567896694931, "time": 29}
{"actual_output": -0.9306127289101542, "target_output": 0, "input": -1.7652213797265925, "time": 30}
{"actual_output": 1.5884731669905299, "target_output": 0, "input": -0.7511142635168451, "time": 31}
{"actual_output": 1.344414945907395, "target_output": 0, "input": -0.36663451085858867, "time": 32}
{"actual_output": 0.5987046366597295, "target_output": 0, "input": -0.9420870421352745, "time": 33}
{"actual_output": -0.7772105908572494, "target_output": 0, "input": -1.438768230474086, "time": 34}
{"actual_output": 1.710765913993841, "target_output": 0, "input": -0.2578152304156374, "time": 35}
{"actual_output": 12.459402531810357, "target_output": 10, "input": 5.4349691944524, "time": 36}
{"actual_output": 8.470805656767109, "target_output": 10, "input": 3.082874688705903, "time": 37}
{"actual_output": 8.239783070951914, "target_output": 10, "input": 2.692312101823923, "time": 38}
{"actual_output": 12.301484724187135, "target_output": 10, "input": 5.13040218356179, "time": 39}
{"actual_output": 8.168110065745447, "target_output": 10, "input": 3.48059534756874, "time": 40}
{"actual_output": 8.961295964263227, "target_output": 10, "input": 4.112312807993304, "time": 41}
{"actual_output": 10.765222421431206, "target_output": 10, "input": 4.252931087040498, "time": 42}
{"actual_output": 10.0648866871038, "target_output": 10, "input": 3.722817033802868, "time": 43}
{"actual_output": 11.145810459552601, "target_output": 10, "input": 4.556342398552868, "time": 44}
{"actual_output": 9.24801901797196, "target_output": 10, "input": 3.5453013090006107, "time": 45}
{"actual_output": 8.646919136691153, "target_output": 10, "input": 3.4370761057373125, "time": 46}
{"actual_output": 11.927176910845665, "target_output": 10, "input": 4.424100926380291, "time": 47}
{"actual_output": 8.240034882075456, "target_output": 10, "input": 3.233750774712681, "time": 48}
{"actual_output": 9.11505714613903, "target_output": 10, "input": 3.9991769625955773, "time": 49}
{"actual_output": 11.23759125021882, "target_output": 10, "input": 5.020655699243104, "time": 50}
{"actual_output": 9.058980940144293, "target_output": 10, "input": 3.210564918439716, "time": 51}
{"actual_output": 10.397544592369488, "target_output": 10, "input": 3.950448331410084, "time": 52}
{"actual_output": 10.099044478932308, "target_output": 10, "input": 3.858143584461074, "time": 53}
{"actual_output": 10.543628351391911, "target_output": 10, "input": 4.313355690015243, "time": 54}
{"actual_output": 10.164130644389413, "target_output": 10, "input": 3.7626942145799944, "time": 55}
{"actual_output": 10.120922801880372, "target_output": 10, "input": 4.016635104255356, "time": 56}
{"actual_output": 11.04273790075002, "target_output": 10, "input": 4.2305245058789955, "time": 57}
{"actual_output": 9.27115374978142, "target_output": 10, "input": 4.048075218841873, "time": 58}
{"actual_output": 10.36799672161857, "target_output": 10, "input": 3.94868803086404, "time": 59}
{"actual_output": 10.878550343535121, "target_output": 10, "input": 4.258284943505885, "time": 60}
{"actual_output": 8.900835517765415, "target_output": 10, "input": 3.439657407423397, "time": 61}
{"actual_output": 10.104741660233262, "target_output": 10, "input": 4.25548993340956, "time": 62}
{"actual_output": 8.634188981782772, "target_output": 10, "input": 3.487917869062487, "time": 63}
{"actual_output": 10.82254118954313, "target_output": 10, "input": 4.397784621140044, "time": 64}
{"actual_output": -4.05979916876198, "target_output": 0, "input": -2.8392864548816688, "time": 65}
{"actual_output": 1.545774915342009, "target_output": 0, "input": -0.4101765487682203, "time": 66}
{"actual_output": 3.9790155487403083, "target_output": 0, "input": 0.812810713409296, "time": 67}
{"actual_output": -3.7282684028692556, "target_output": 0, "input": -2.743548759134927, "time": 68}
{"actual_output": 1.9613169644461461, "target_output": 0, "input": -0.35576401189551365, "time": 69}
{"actual_output": 0.08941248136618302, "target_output": 0, "input": -0.7151323951429484, "time": 70}
{"actual_output": -1.9233524734746388, "target_output": 0, "input": -2.568965079609721, "time": 71}
{"actual_output": 2.393968564528911, "target_output": 0, "input": 0.19612196769642742, "time": 72}
{"actual_output": -0.25600758226357745, "target_output": 0, "input": -1.0642091345386873, "time": 73}
{"actual_output": 0.14304586535371522, "target_output": 0, "input": -1.2917027764345956, "time": 74}
{"actual_output": 1.8980094525203062, "target_output": 0, "input": -0.2124730553287419, "time": 75}
{"actual_output": -0.46873231611233945, "target_output": 0, "input": -1.2608494342919425, "time": 76}
{"actual_output": -0.8283562173243808, "target_output": 0, "input": -1.4118163492156883, "time": 77}
{"actual_output": -0.08329175096337993, "target_output": 0, "input": -0.889273837177987, "time": 78}
{"actual_output": 0.6504602857872572, "target_output": 0, "input": -0.9208222627177851, "time": 79}
{"actual_output": -0.8064283660521288, "target_output": 0, "input": -1.3004185801823678, "time": 80}
{"actual_output": -0.29537291024403356,